1001	2021-02-07	Annable	Nickie	Joana	1967-03-31
1002	2021-02-07	Byart	Gwen	Bathsheba	1994-02-02
1003	2021-02-07	Grason	Aurel	Theodoric	1967-02-14
1004	2021-02-07	Niblo	Hildagarde	Haily	1970-02-24
1005	2021-02-08	Mushart	Orsa	Locke	1974-12-06
1006	2021-02-08	O'Hear	Faber	Alexa	1968-05-06
1007	2021-02-08	Rotter	Emily	Analiese	1971-10-25
1008	2021-02-08	Tree	Glynda	Brigid	1965-07-30
1009	2021-02-09	Jiruch	Madlin	Hermann	2000-01-21
1010	2021-02-10	Aistrop	Padget	Luci	1992-08-13
1011	2021-02-10	Duncanson	Filbert	Miran	1977-04-19
1012	2021-02-10	Falla	Nate	Bobby	1980-04-03
1013	2021-02-10	Follett	Olwen	Samaria	1964-01-29
1014	2021-02-10	Hellmer	Gibb	Aloysia	1999-02-19
1015	2021-02-10	Killen	Filide	Noella	1999-03-08
1016	2021-02-11	Gaylard	Carlo	Lorie	1956-04-03
1017	2021-02-11	Maccaddie	Gerri	Darcie	1988-02-22
1018	2021-02-11	Martinot	Bobbie	Konstance	1999-08-01
1019	2021-02-11	Osmond	Craggie	Peg	1956-08-28
1020	2021-02-11	Truesdale	Marlena	Ibby	1960-11-29
1021	2021-02-12	Body	Conan	Cherish	1975-09-14
1022	2021-02-12	Hagard	Miguel	Marysa	1973-06-06
1023	2021-02-12	Hambling	Ermanno	Wernher	1955-11-29
1024	2021-02-12	Luetkemeyers	Corey	Davin	2000-12-18
1025	2021-02-12	McArthur	Prinz	Oralia	1971-03-24
1026	2021-02-12	Moxham	Micky	Coral	1995-05-22
1027	2021-02-12	Rowntree	Thorny	Ernestine	1957-11-24
1028	2021-02-12	St Angel	Marlyn	Cyrille	1978-08-12
1029	2021-02-12	Thandi	Rosina	Izaak	1983-01-16
1030	2021-02-12	Wormstone	Elvis	Jaquenetta	1972-02-22
1031	2021-02-13	Georgelin	Lori	Charmain	1993-04-20
1032	2021-02-13	Myall	Agata	Brenn	1976-12-01
1033	2021-02-13	Zouch	Magdalena	Ward	2000-03-11
1034	2021-02-14	Foord	Matthus	Gene	1997-05-28
1035	2021-02-14	Guttridge	Olimpia	Lukas	1997-05-17
1036	2021-02-14	Jones	Aurore	Sheridan	1984-05-03
1037	2021-02-14	Murricanes	Tudor	Alis	1963-02-16
1038	2021-02-14	Nettle	Cristine	Pinchas	1966-04-08
1039	2021-02-15	Keitley	Skelly	Faythe	1985-12-03
1040	2021-02-15	McAneny	Dyana	Gerardo	1955-04-15
1041	2021-02-15	Strang	Cristiano	Goddard	1969-01-21
1042	2021-02-16	Atyea	Galvan	Marijo	1973-02-10
1043	2021-02-16	Fidgin	Lars	Tommy	1988-10-15
1044	2021-02-16	Hayzer	Delila	Camile	1976-09-28
1045	2021-02-16	Vasiltsov	Gerri	Tanner	1971-12-30
1046	2021-02-17	Babidge	Elbertine	Morry	1987-01-22
1047	2021-02-17	Carman	Millie	Jaime	1986-03-04
1048	2021-02-17	Ferrillio	Germain	Benita	1970-04-16
1049	2021-02-17	Goodbanne	Carmelina	Gwynne	1986-03-04
1050	2021-02-17	Greiser	Robena	Port	1985-03-20
1051	2021-02-17	Jenks	Melita	Chad	1981-12-01
1052	2021-02-17	Klimes	Aron	Ethan	1968-05-28
1053	2021-02-17	Noteyoung	Andi	Concettina	1984-06-19
1054	2021-02-17	Olivi	Dennison	Hamid	1986-02-25
1055	2021-02-17	Partner	Prentice	Iona	1998-06-04
1056	2021-02-17	Robillart	Opaline	Claude	1967-12-03
1057	2021-02-17	Turneux	Lilias	Danielle	1985-10-26
1058	2021-02-18	Croxall	Deloris	Christian	1973-04-09
1059	2021-02-18	Sute	Sigismond	Isabelita	1957-08-29
1060	2021-02-19	Geering	Leland	James	1995-05-27
1061	2021-02-19	Matveichev	Iver	Jan	1968-08-08
1062	2021-02-19	Piddington	Annie	Terese	1987-11-14
1063	2021-02-19	Sheward	Antonetta	Barris	1974-10-08
1064	2021-02-19	Smithe	Sissy	Rocky	1972-03-30
1065	2021-02-19	Soff	Michel	Manfred	1956-08-28
1066	2021-02-20	Banaszkiewicz	Bertina	Magnum	1974-02-19
1067	2021-02-20	Kensington	Laird	Kristien	1993-08-15
1068	2021-02-21	Boatwright	Germain	Helen-elizabeth	1958-05-11
1069	2021-02-21	Eighteen	Davita	Lila	1978-02-28
1070	2021-02-21	Grogona	Jack	Cecilla	1964-02-15
1071	2021-02-21	Lippard	Norrie	Barbey	1999-08-02
1072	2021-02-21	Stacey	Mattheus	Christan	1983-01-11
1073	2021-02-22	Creus	Eugenia	Roxanna	1988-03-05
1074	2021-02-22	Cuthbert	Brody	Cami	1976-08-02
1075	2021-02-22	Dugood	Dolf	Schuyler	1982-05-28
1076	2021-02-22	Rispine	Farrell	Gris	1969-11-09
1077	2021-02-23	Bolan	Ansel	Bria	1997-03-18
1078	2021-02-23	Bradberry	Nancee	Alverta	1996-10-04
1079	2021-02-23	Clementi	Karisa	Irma	1985-02-13
1080	2021-02-23	Dominique	Nance	Massimo	1998-03-08
1081	2021-02-23	Fludgate	Marylee	Alexandro	1985-04-05
1082	2021-02-23	Gowan	Frasier	Lina	1963-01-11
1083	2021-02-23	Killeen	Kalil	Linell	1993-03-02
1084	2021-02-24	Basillon	Richie	Carlene	1971-05-04
1085	2021-02-24	Bembridge	Marlin	Valdemar	1988-06-25
1086	2021-02-24	Fardoe	Darb	Ofella	1986-06-01
1087	2021-02-24	Kays	Ibby	Donnell	1960-03-30
1088	2021-02-24	Piscot	Kirstyn	Terrijo	1959-11-07
1089	2021-02-24	Quinlan	Rebecka	Chiquita	1963-06-30
1090	2021-02-24	Rablan	Glen	Moore	1964-03-01
1091	2021-02-25	Chadwen	Kassie	Margo	1979-06-07
1092	2021-02-25	Howarth	Denver	Kip	1988-01-28
1093	2021-02-25	Ivanikhin	Alec	Ingeborg	1981-05-19
1094	2021-02-25	Krolle	Bell	Brigit	1968-04-29
1095	2021-02-26	Batter	Maximilien	Ainslee	1988-03-09
1096	2021-02-26	Dimnage	Kimmy	Ceil	1984-02-25
1097	2021-02-26	Sunner	Rich	Delmore	1974-02-27
1098	2021-02-27	Rodder	Felizio	Vera	1962-05-29
1099	2021-02-27	Sinkings	Carlye	Dasie	1973-12-10
1100	2021-02-27	Symers	Wallache	Deena	1970-12-20
