100001	2021-02-06	Baudacci	Ronald	Ezri	1996-05-17
100002	2021-02-06	Beirne	Theresina	Torrie	1991-02-18
100003	2021-02-06	Birdis	Con	Pascale	1999-04-16
100004	2021-02-06	Brantl	Pall	Onida	1998-10-12
100005	2021-02-06	Burbidge	Welch	Rudolfo	1998-03-11
100006	2021-02-06	Cardenoza	Shelagh	Carolyn	2001-04-20
100007	2021-02-06	Crepel	Alano	Debby	1992-01-09
100008	2021-02-06	Demaid	Evangelia	Blinni	1997-06-21
100009	2021-02-06	Doonican	Alfreda	Rayner	2005-02-19
100010	2021-02-06	Duchesne	Gradey	Kippie	1997-05-11
100011	2021-02-06	Fairn	Kingston	Rochelle	1998-12-05
100012	2021-02-06	Fawdrie	Pandora	Turner	1995-04-05
100013	2021-02-06	Felce	Elsa	Edgar	1991-07-28
100014	2021-02-06	Fonte	Adriena	Carlin	2002-06-19
100015	2021-02-06	Gindghill	Cori	Alon	1990-04-23
100016	2021-02-06	Girardin	Breena	Wilton	1996-01-07
100017	2021-02-06	Godard	Brittni	Peta	2005-07-20
100018	2021-02-06	Hellmer	Raddie	Evaleen	2001-08-01
100019	2021-02-06	Huffadine	Robbie	Padraig	1998-10-09
100020	2021-02-06	Hyde-Chambers	Margie	Corbin	1994-12-13
100021	2021-02-06	Inchan	Leela	Collie	1993-12-20
100022	2021-02-06	Iorillo	Morley	Abie	1993-01-27
100023	2021-02-06	Jeffray	Cob	Maressa	1993-01-07
100024	2021-02-06	Jiras	Amalle	Neilla	1990-12-25
100025	2021-02-06	Khan	Wolfgang	Clarisse	2003-08-06
100026	2021-02-06	Klazenga	Killie	Werner	1990-08-01
100027	2021-02-06	Koschke	Leslie	Nelia	2003-02-28
100028	2021-02-06	Leyman	Kitty	Jerrome	2002-03-16
100029	2021-02-06	Mabbs	Riccardo	Pamelina	1993-10-28
100030	2021-02-06	Mandeville	Fernandina	Robb	1996-11-28
100031	2021-02-06	Orry	Cherry	Cammy	1997-01-31
100032	2021-02-06	Parry	Babb	Hervey	2002-09-26
100033	2021-02-06	Pilmoor	Pammy	Dallas	1993-09-29
100034	2021-02-06	Pomphrey	Heath	Bernadine	2003-11-06
100035	2021-02-06	Povey	Tedmund	Martita	2003-03-25
100036	2021-02-06	Reddyhoff	Fawn	Joscelin	1999-01-20
100037	2021-02-06	Riggey	Sloane	Kristos	1992-09-26
100038	2021-02-06	Ruller	Tommy	Dar	2002-01-24
100039	2021-02-06	Short	Hercule	Melisandra	1998-11-29
100040	2021-02-06	Slate	Irving	Marget	1993-01-13
100041	2021-02-06	Spary	Gerald	Emelyne	1991-05-01
100042	2021-02-06	Stearley	Kalie	Gilda	2004-03-21
100043	2021-02-06	Stirrup	Shelly	Wyatan	1996-11-16
100044	2021-02-06	Stonuary	Lilla	Dedie	1994-01-22
100045	2021-02-06	Stoodley	Joscelin	Rivkah	2000-07-04
100046	2021-02-06	Tolle	Leodora	Donalt	1995-01-09
100047	2021-02-06	Vickerstaff	Hardy	Jeremy	1992-12-11
100048	2021-02-06	Wann	Giuseppe	Geralda	1995-09-13
100049	2021-02-06	Whitebrook	Marylou	Artie	1995-04-28
100050	2021-02-06	Willishire	Leonore	Bobbe	1990-04-29
100051	2021-02-06	Windeatt	Gwendolyn	Gherardo	1994-03-21
100052	2021-02-06	Zylbermann	Lucia	Edmon	1996-05-29
100053	2021-02-07	Addicott	Findley	Kele	2002-07-21
100054	2021-02-07	Ansty	Joey	Ashley	2005-10-31
100055	2021-02-07	Antill	Josefa	Sandye	2002-07-30
100056	2021-02-07	Beeble	Lawton	Nadya	2003-05-30
100057	2021-02-07	Brunet	Blair	Errick	1992-06-22
100058	2021-02-07	Burrett	Dareen	Scot	2001-07-25
100059	2021-02-07	Carless	Prisca	Rolph	2004-03-30
100060	2021-02-07	Caunce	Kory	Crosby	1993-07-23
100061	2021-02-07	Chapelhow	Dudley	Camellia	1994-02-16
100062	2021-02-07	Copcote	Alvy	Lothaire	2003-04-01
100063	2021-02-07	Creaser	Brianne	Hercule	1998-07-22
100064	2021-02-07	Dadge	Nelia	Britt	1998-09-06
100065	2021-02-07	Daniele	Ingeborg	Poppy	1994-11-02
100066	2021-02-07	Dobrovolski	Harriet	Arni	1998-05-10
100067	2021-02-07	Eltone	Erskine	Cristina	1998-03-25
100068	2021-02-07	Faires	Saundra	Boy	1994-05-25
100069	2021-02-07	Feechan	Oliviero	Valencia	1997-09-27
100070	2021-02-07	Fortman	Christoper	Katinka	2004-12-31
100071	2021-02-07	Futty	Anissa	Lorens	1999-09-13
100072	2021-02-07	Gilchrest	Emiline	Susi	1997-07-03
100073	2021-02-07	Gingell	Elsy	Alfonso	2005-05-20
100074	2021-02-07	Heinish	Callie	Arel	2000-05-07
100075	2021-02-07	Hutable	Meir	Humfrid	2004-04-03
100076	2021-02-07	Lagden	Evangelia	Thadeus	2005-09-19
100077	2021-02-07	MacClure	Zed	Thedrick	1996-05-12
100078	2021-02-07	Maddrell	Germaine	Charo	1991-07-25
100079	2021-02-07	Mattiuzzi	Fleur	Claudianus	1993-02-23
100080	2021-02-07	Meakes	Dieter	Melly	1990-09-05
100081	2021-02-07	O' Hanvey	Murvyn	Fabio	1999-05-06
100082	2021-02-07	O'Nowlan	Luciana	Stanton	2002-08-18
100083	2021-02-07	Pargiter	Sunny	Lisle	2003-12-20
100084	2021-02-07	Perrie	Sharline	Eloise	1997-05-05
100085	2021-02-07	Ragsdall	Colver	Stanislas	1990-06-21
100086	2021-02-07	Rennix	Mickie	Horten	2003-02-23
100087	2021-02-07	Rojel	Jenilee	Xylina	2004-09-02
100088	2021-02-07	Rolfini	Modesty	Eilis	2000-11-01
100089	2021-02-07	Scarman	Brietta	Jude	2004-01-16
100090	2021-02-07	Settle	Augie	Aurie	1994-03-11
100091	2021-02-07	Skivington	Shalne	Maggee	1991-07-31
100092	2021-02-07	Slee	Richart	Clem	1998-09-22
100093	2021-02-07	Smouten	Ruthanne	Neddie	1990-03-29
100094	2021-02-07	Snelgrove	Merrili	Ravi	1997-10-16
100095	2021-02-07	Vellacott	Barton	Melodee	1995-06-09
100096	2021-02-07	Viner	Alexi	Land	1991-09-08
100097	2021-02-08	Angel	Wallie	Burch	1994-09-17
100098	2021-02-08	Axcel	Brit	Donovan	1992-02-09
100099	2021-02-08	Bains	Hart	Jany	1994-04-10
100100	2021-02-08	Benton	Roxana	Monica	1993-12-14
100101	2021-02-08	Bolesworth	Jocelin	Mackenzie	1991-06-16
100102	2021-02-08	Brugemann	Fay	Keane	2005-07-17
100103	2021-02-08	Bumpus	Flem	Rafa	1992-12-07
100104	2021-02-08	Carlick	Zorina	Mona	1994-01-03
100105	2021-02-08	Ceeley	Letisha	Paxon	1994-10-14
100106	2021-02-08	Ciric	Fabian	Aubrie	1995-07-28
100107	2021-02-08	Colleran	Jacquelyn	Madison	2005-10-21
100108	2021-02-08	Courtman	Packston	Normand	2000-06-27
100109	2021-02-08	Deave	Ferd	Roana	1996-01-13
100110	2021-02-08	Di Maggio	Freddie	Emily	1998-06-25
100111	2021-02-08	Dufore	Lothaire	Aline	2001-07-18
100112	2021-02-08	Forsey	Joline	Kettie	2003-10-09
100113	2021-02-08	Gounot	Keslie	Lynnelle	2000-03-10
100114	2021-02-08	Guildford	Aluin	Christiana	1991-08-31
100115	2021-02-08	Hallows	Calypso	Kipper	2001-01-24
100116	2021-02-08	Hurst	Johanna	Nesta	1994-01-04
100117	2021-02-08	Knevett	Tull	Ernie	2003-10-07
100118	2021-02-08	Laffling	Crystal	Norrie	1998-01-29
100119	2021-02-08	Maginot	Peder	Lynnelle	2003-12-29
100120	2021-02-08	Moyce	Betteann	Zuzana	1997-11-02
100121	2021-02-08	Panton	Tabbitha	Omero	1995-11-28
100122	2021-02-08	Paquet	Arlana	Lawry	1998-05-13
100123	2021-02-08	Pickover	Clifford	Marcile	1997-11-13
100124	2021-02-08	Pietrasik	Duff	Jilleen	1991-11-20
100125	2021-02-08	Pilmoor	Austina	Catlin	2005-09-14
100126	2021-02-08	Rennolds	Toby	Alwin	2002-05-06
100127	2021-02-08	Scrowston	Amie	Terrill	1994-07-14
100128	2021-02-08	Tuxill	Hanni	Cornell	1991-03-16
100129	2021-02-08	Wilsee	Alon	Murdock	1990-04-04
100130	2021-02-08	Worden	Tracy	Jaimie	1999-11-24
100131	2021-02-09	Ackers	Agosto	Alexina	2005-03-26
100132	2021-02-09	Auchterlonie	Beau	Lucita	2004-06-14
100133	2021-02-09	Badby	Birgit	Adria	2001-05-08
100134	2021-02-09	Bogie	Filberto	Kori	2002-11-25
100135	2021-02-09	Brandreth	Mikael	Lucine	1998-02-16
100136	2021-02-09	Coalbran	Claudie	Marnia	1991-05-10
100137	2021-02-09	Cottey	Sherman	Hermia	2005-03-09
100138	2021-02-09	Cradock	Claudius	Sharline	1994-05-25
100139	2021-02-09	Crush	Daune	Constanta	1993-08-24
100140	2021-02-09	Del Checolo	Elianora	Aguste	1990-07-02
100141	2021-02-09	Demeter	Jeanne	Cherey	1997-07-17
100142	2021-02-09	ducarme	Olly	Rab	2001-04-13
100143	2021-02-09	Edmonson	Beau	Earlie	1991-06-01
100144	2021-02-09	Ellacombe	Melinde	Cyrus	2002-11-25
100145	2021-02-09	Folan	Zerk	Vladimir	1990-03-28
100146	2021-02-09	Freke	Tome	Jared	1990-05-07
100147	2021-02-09	Gaskamp	Gwenny	Joeann	1992-01-09
100148	2021-02-09	Gleder	Glenda	Sander	1992-05-29
100149	2021-02-09	Hacard	Tillie	Kennith	2001-10-01
100150	2021-02-09	Hanhart	Lucienne	Ulrika	2001-10-16
100151	2021-02-09	Jakoubec	Marita	Carry	1996-06-04
100152	2021-02-09	Kesey	Tally	Deni	1999-12-19
100153	2021-02-09	Kittles	Alleen	Fayette	1996-08-07
100154	2021-02-09	Knightley	Lib	Urson	1999-03-14
100155	2021-02-09	Kolodziejski	Angie	Sarajane	1997-08-31
100156	2021-02-09	Kropach	Jenni	Jacinda	2002-07-31
100157	2021-02-09	Lodin	Gerrie	Violet	1998-01-22
100158	2021-02-09	Maffy	Maryanne	Vally	1990-09-13
100159	2021-02-09	Matt	Annaliese	Codie	2005-10-05
100160	2021-02-09	Mc Gee	Blaine	Colver	2001-03-31
100161	2021-02-09	Merioth	Crissy	Essie	1994-08-07
100162	2021-02-09	Nodes	Corny	Ike	2005-10-21
100163	2021-02-09	Paffett	Hynda	Hershel	2000-06-04
100164	2021-02-09	Po	Teena	Shandee	2002-02-19
100165	2021-02-09	Rumbellow	Elwin	Skippie	2003-03-31
100166	2021-02-09	Slatter	Gisela	Chelsae	2005-07-06
100167	2021-02-09	Sowersby	Heath	Arty	1993-05-03
100168	2021-02-09	Torbeck	Dill	Robbin	1996-05-13
100169	2021-02-09	Tuckwell	Marsha	Norah	1995-12-07
100170	2021-02-09	Vinall	Windy	Fey	1995-01-31
100171	2021-02-09	Wigg	Hakim	Julio	1991-02-04
100172	2021-02-09	Yven	Doro	Stefa	2000-11-03
100173	2021-02-10	Adamoli	Gerda	Conan	1995-07-11
100174	2021-02-10	Arne	Ham	Lura	1996-06-14
100175	2021-02-10	Brech	Bertha	Leonora	2005-11-18
100176	2021-02-10	Carette	Jacquetta	Culley	1999-09-28
100177	2021-02-10	Charlewood	Atlante	Carroll	1999-05-29
100178	2021-02-10	Chellam	Susann	Godard	2000-11-12
100179	2021-02-10	Colleer	Byram	Nissie	1999-03-02
100180	2021-02-10	Crocombe	Ingeberg	Ruttger	1996-10-01
100181	2021-02-10	de la Tremoille	De witt	Trudy	2001-06-13
100182	2021-02-10	Denizet	Jedd	Carline	2000-11-09
100183	2021-02-10	Domingues	Pandora	Chet	1997-01-07
100184	2021-02-10	Drewe	Cy	Cal	1993-04-28
100185	2021-02-10	Ewbanke	Michaella	Oralia	1991-02-06
100186	2021-02-10	Fouracre	Caitlin	Lucretia	2001-11-25
100187	2021-02-10	Gipp	Vinny	Evanne	1991-01-22
100188	2021-02-10	Glazier	Avrit	Inez	1998-05-06
100189	2021-02-10	Inseal	Ricki	Willard	1996-07-09
100190	2021-02-10	Jarnell	Hersh	Abigael	1997-04-15
100191	2021-02-10	Jiles	Zondra	Bar	1999-03-21
100192	2021-02-10	Jouaneton	Georgetta	Magdalene	1998-08-21
100193	2021-02-10	Juschke	Fletcher	Lucinda	1997-08-26
100194	2021-02-10	Kaes	Henri	Cirilo	2004-11-06
100195	2021-02-10	MacChaell	Adamo	Jeniffer	1997-10-29
100196	2021-02-10	Manuele	Jean	Stevana	1995-04-29
100197	2021-02-10	Mayell	Aimil	Ula	1990-10-24
100198	2021-02-10	Mishow	Jamison	Avrit	2002-05-08
100199	2021-02-10	Normavill	Nelle	Aubrette	2002-04-23
100200	2021-02-10	Petford	Antonius	Toma	1997-09-20
100201	2021-02-10	Ponton	Madelena	Lelah	2004-11-12
100202	2021-02-10	Ranns	Gayleen	Ronald	2001-09-05
100203	2021-02-10	Rawlins	Marita	Tobey	2000-12-11
100204	2021-02-10	Rives	Chelsey	Web	1996-08-23
100205	2021-02-10	Rocco	Margit	Mike	1995-03-04
100206	2021-02-10	Roelvink	Aron	Griffy	1995-03-19
100207	2021-02-10	Rollason	Mordecai	Bary	1999-07-27
100208	2021-02-10	Savory	Rafferty	Lorry	1998-03-20
100209	2021-02-10	Sidnall	Mose	Fernandina	2004-05-10
100210	2021-02-10	Towhey	Maurita	Hailey	1990-05-11
100211	2021-02-10	Treby	Leoline	Innis	1999-10-15
100212	2021-02-10	Van der Krui	Maximilian	Bambie	1999-02-14
100213	2021-02-10	Vint	Wynne	Tilda	2001-05-10
100214	2021-02-10	Winston	Mag	Quincey	1994-11-28
100215	2021-02-10	Zanneli	Isaak	Vivienne	2003-03-26
100216	2021-02-11	Ajean	Evered	Kliment	1990-04-04
100217	2021-02-11	Antunez	Nevins	Rogerio	1990-03-25
100218	2021-02-11	Ashwell	Rubin	Dehlia	2002-09-21
100219	2021-02-11	Badder	Ursuline	Dall	1999-01-19
100220	2021-02-11	Bazelle	Jolyn	Ramona	1990-08-15
100221	2021-02-11	Beeching	Christa	Abelard	1991-03-25
100222	2021-02-11	Blampy	Joanne	Damara	2000-02-18
100223	2021-02-11	Bouttell	Morly	Roman	2001-03-07
100224	2021-02-11	Brech	Doe	Jannelle	2003-08-01
100225	2021-02-11	Caddell	Ev	Sella	1994-08-02
100226	2021-02-11	Catterick	Evie	Joe	2001-10-22
100227	2021-02-11	Clemmey	Carolynn	Freddy	1996-02-19
100228	2021-02-11	Court	William	Hymie	1997-04-09
100229	2021-02-11	Creyke	Kassi	Tanner	2001-07-28
100230	2021-02-11	Davidavidovics	Fanya	Kordula	2001-08-19
100231	2021-02-11	Deane	Walliw	Scotty	2004-06-02
100232	2021-02-11	Depka	Genovera	Dani	1994-03-23
100233	2021-02-11	Derdes	Hashim	Rochella	1991-09-15
100234	2021-02-11	Druhan	Tarra	Martyn	1993-08-14
100235	2021-02-11	Elland	Gerri	Mikel	1999-04-10
100236	2021-02-11	Erett	Marjy	Lise	1998-12-16
100237	2021-02-11	Feldbau	Berk	Foster	1991-09-18
100238	2021-02-11	Fishly	Mamie	Wolfie	2001-07-14
100239	2021-02-11	Fritche	Giacinta	Hamid	2001-11-14
100240	2021-02-11	Gotliffe	Riley	Anastasie	2005-11-25
100241	2021-02-11	Gronowe	Clint	Farand	2002-04-06
100242	2021-02-11	Happel	Mariette	Julianna	1999-10-07
100243	2021-02-11	Hayto	Claudia	Fax	1990-05-16
100244	2021-02-11	Huxstep	Rolf	Meara	1991-05-22
100245	2021-02-11	Judson	Celle	Lauren	2004-08-18
100246	2021-02-11	Keems	Herbie	Ilysa	1999-08-02
100247	2021-02-11	Kynder	Gunner	Shannon	1998-02-09
100248	2021-02-11	Ledur	Donovan	Jeffy	1991-06-22
100249	2021-02-11	Licciardo	Don	Pollyanna	2001-03-20
100250	2021-02-11	Mapstone	Arturo	Carlina	2001-11-21
100251	2021-02-11	Mariault	Carmita	Wyndham	2000-02-13
100252	2021-02-11	McGuffog	Mohandas	Gaylor	1999-12-08
100253	2021-02-11	Mudie	Grady	Farlee	1995-06-11
100254	2021-02-11	Mushart	Sutherlan	Nikki	2005-11-08
100255	2021-02-11	Nassau	Broderic	Lucienne	2000-10-16
100256	2021-02-11	Newell	Grenville	Bekki	1996-02-09
100257	2021-02-11	Pott	Harriott	Collette	1993-04-20
100258	2021-02-11	Poveleye	Jaime	Emiline	2003-10-11
100259	2021-02-11	Prior	Aube	Tomasine	2005-01-24
100260	2021-02-11	Reah	Lebbie	Dagny	2005-06-24
100261	2021-02-11	Restill	Anne-marie	Valaria	2001-08-06
100262	2021-02-11	Rings	Emory	Sonja	1998-04-02
100263	2021-02-11	Ronnay	Taryn	Winfield	1995-08-15
100264	2021-02-11	Runnett	Sashenka	Ambrosi	2005-06-24
100265	2021-02-11	Shynn	Nonah	Giavani	1992-05-19
100266	2021-02-11	Slany	Brinn	Baxie	1992-06-28
100267	2021-02-11	Sponder	Juan	Kelsey	1990-06-17
100268	2021-02-11	Stark	Venita	Lexie	1994-11-20
100269	2021-02-11	Tschursch	Shelley	Wynny	1997-02-10
100270	2021-02-11	Ughini	Welbie	Maryl	2005-05-05
100271	2021-02-11	Vanin	Bastian	Arlie	2002-05-18
100272	2021-02-11	Yakunchikov	Gram	Garrard	1992-08-19
100273	2021-02-11	Yemm	Ingram	Dav	1996-11-13
100274	2021-02-12	Adamiec	Sheilah	Kimble	1993-08-11
100275	2021-02-12	Baile	Allianora	Odele	2004-11-25
100276	2021-02-12	Bardill	Louisette	Stephen	1998-04-16
100277	2021-02-12	Bartels-Ellis	Julian	Roxie	2001-05-20
100278	2021-02-12	Baudoux	Austine	Dana	1999-09-01
100279	2021-02-12	Benterman	Warde	Rosette	2004-06-13
100280	2021-02-12	Biddleston	Renado	Ahmad	1994-01-12
100281	2021-02-12	Browell	Lacie	Romeo	2005-04-25
100282	2021-02-12	Capitano	Brigit	Ellette	1990-08-24
100283	2021-02-12	Carlsson	Juline	Riobard	2000-02-04
100284	2021-02-12	Cattrell	Aline	Gary	1994-04-22
100285	2021-02-12	Cooney	Trudi	Cordy	1993-08-18
100286	2021-02-12	Cranch	Chantal	Katey	1998-02-26
100287	2021-02-12	Dews	Evangeline	Anette	2004-01-20
100288	2021-02-12	Doylend	Chrysa	Gisella	2000-11-08
100289	2021-02-12	Eliesco	Meriel	Ervin	2002-01-11
100290	2021-02-12	Flancinbaum	Chev	Meryl	2005-08-03
100291	2021-02-12	Flasby	Raphael	Dulcia	2005-09-30
100292	2021-02-12	Gatlin	Clem	Chet	1990-01-23
100293	2021-02-12	Gossipin	Ladonna	Marcelia	2005-01-07
100294	2021-02-12	Hartridge	Tilly	Shadow	1990-06-15
100295	2021-02-12	Hastie	Auroora	Dame	1995-07-01
100296	2021-02-12	Hoogendorp	Cassius	Neysa	1992-06-08
100297	2021-02-12	Humbles	Wren	Devondra	2001-09-27
100298	2021-02-12	Iacobo	Eddy	Rodolfo	1992-06-05
100299	2021-02-12	Iohananof	Roger	Julita	1993-06-01
100300	2021-02-12	Ivanishchev	Cortie	Hagan	1993-11-25
100301	2021-02-12	Keemar	Adham	Lonnard	1993-02-21
100302	2021-02-12	Keysel	Lorettalorna	Midge	2004-12-21
100303	2021-02-12	Knoles	Marylynne	Noelle	2003-10-23
100304	2021-02-12	Ledbetter	Uriel	Hi	1996-10-26
100305	2021-02-12	Lettice	Tiertza	Delmer	1991-06-11
100306	2021-02-12	Lovett	Saxe	Curry	2003-11-30
100307	2021-02-12	MacDermott	Noland	Danni	1999-09-09
100308	2021-02-12	Marsay	Roxy	Burlie	2001-08-22
100309	2021-02-12	McMains	Xylina	Beverly	1991-11-30
100310	2021-02-12	Merry	Zsazsa	Anetta	1992-12-19
100311	2021-02-12	Metrick	Brandais	Kirby	1998-07-15
100312	2021-02-12	Mugg	Uta	Ulla	1998-11-05
100313	2021-02-12	Oldcroft	Merill	Hi	2003-07-08
100314	2021-02-12	Petrovsky	Maiga	Gardiner	2003-09-23
100315	2021-02-12	Pfertner	Bobina	Jerald	1996-12-12
100316	2021-02-12	Pichan	Cynthie	Calli	1995-12-25
100317	2021-02-12	Postance	Bunny	Melita	1999-12-10
100318	2021-02-12	Pudan	Nick	Marylin	1994-09-05
100319	2021-02-12	Puttick	Orelee	Flint	1992-03-20
100320	2021-02-12	Rablin	Ximenez	Willamina	1998-08-10
100321	2021-02-12	Rathe	Ashely	Bartholomeus	2002-10-01
100322	2021-02-12	Ricards	Oriana	Thomasine	1999-11-15
100323	2021-02-12	Rusk	Eloise	Ingelbert	1993-04-04
100324	2021-02-12	Samper	Leticia	Curcio	1999-07-26
100325	2021-02-12	Serrurier	Tonye	Corette	1991-11-10
100326	2021-02-12	Sidwick	Glynis	Adolphe	2001-02-21
100327	2021-02-12	Siehard	Gus	Jud	2005-05-27
100328	2021-02-12	Skeggs	Faye	Mersey	1999-11-26
100329	2021-02-12	Southwell	Christopher	Jarrod	2004-06-11
100330	2021-02-12	Treverton	Jorgan	Clyde	1994-08-18
100331	2021-02-12	Yanyshev	Sib	Ninetta	1996-01-03
100332	2021-02-13	Adriano	Hamil	Sheena	1992-10-15
100333	2021-02-13	Alcorn	Durward	Peri	2001-06-18
100334	2021-02-13	Alexandersen	Viva	Anstice	2000-04-05
100335	2021-02-13	Biagini	Lusa	Kellyann	2002-04-11
100336	2021-02-13	Brettelle	Norry	Mandie	1991-07-19
100337	2021-02-13	Broderick	Nikolai	Aurie	2005-10-26
100338	2021-02-13	Brownhall	Dawn	Neill	2004-10-01
100339	2021-02-13	Capeloff	Vinnie	Sidoney	1994-09-17
100340	2021-02-13	Castiblanco	Bryon	Irena	2001-12-31
100341	2021-02-13	Chadd	Pat	Siward	1993-08-15
100342	2021-02-13	Chatelot	Jacinta	Faye	1994-08-06
100343	2021-02-13	Clowton	Dido	Lorrin	2003-06-10
100344	2021-02-13	Cottage	Riccardo	Othella	2002-06-30
100345	2021-02-13	Danilishin	Lemar	Barton	1993-07-26
100346	2021-02-13	Dennes	Darsie	Adey	1992-03-24
100347	2021-02-13	Dougill	Geri	Thor	1993-04-21
100348	2021-02-13	Dowker	Maxy	Thomasin	2002-10-17
100349	2021-02-13	Dugmore	Milly	Kelsi	2001-07-22
100350	2021-02-13	Dungate	Anne-marie	Raff	1995-01-03
100351	2021-02-13	Faire	Mordecai	Wood	2004-01-18
100352	2021-02-13	Fernley	Dara	Kirby	1996-09-28
100353	2021-02-13	Fevers	Regina	Wilden	2001-11-16
100354	2021-02-13	Fountian	Dolph	Christin	1995-05-28
100355	2021-02-13	Gerrish	Bernie	Coreen	1999-02-25
100356	2021-02-13	Glencorse	Sile	Angelia	1993-04-02
100357	2021-02-13	Gommes	Hayes	Roi	2004-07-28
100358	2021-02-13	Hardingham	Worden	Rodolphe	2005-04-07
100359	2021-02-13	Kettley	Anna-diane	Gan	1996-09-23
100360	2021-02-13	Lindstedt	Laryssa	Bird	2004-09-16
100361	2021-02-13	Lyall	Morty	Hallie	2003-12-06
100362	2021-02-13	McCleod	Edita	Ardisj	1999-11-13
100363	2021-02-13	McCumskay	Kasper	Cynde	2001-05-09
100364	2021-02-13	McGiff	Myron	Elbertina	2001-10-07
100365	2021-02-13	Menghi	Rosabella	Foster	2000-11-17
100366	2021-02-13	Morriarty	Sven	Iver	2005-03-08
100367	2021-02-13	Olden	Collie	Khalil	2000-08-07
100368	2021-02-13	Ort	Gertrudis	Horst	2004-02-07
100369	2021-02-13	Pardoe	Olive	Zeke	1994-11-15
100370	2021-02-13	Puddifer	Mill	Riannon	1997-12-04
100371	2021-02-13	Queyeiro	Emelen	Ethan	1991-05-10
100372	2021-02-13	Rableau	Lucias	Buck	1997-10-31
100373	2021-02-13	Ridgers	Jania	Sonnie	2005-06-30
100374	2021-02-13	Soot	Earl	Elbertine	2005-06-08
100375	2021-02-13	Swyn	Alix	Dillie	1996-11-22
100376	2021-02-13	Tinston	Jacquetta	Dennis	2003-01-29
100377	2021-02-13	Torrans	Selma	Aldo	2004-08-13
100378	2021-02-13	Vasilmanov	Hester	Elsey	1996-08-05
100379	2021-02-13	Winsom	Estrellita	Jocelin	1994-06-03
100380	2021-02-13	Yegoshin	Atlanta	Sally	1994-01-20
100381	2021-02-13	Yewdall	Alethea	Palmer	1998-03-13
100382	2021-02-14	Andrasch	Grove	Hershel	2005-02-08
100383	2021-02-14	Andrioni	Franky	Peyton	2003-12-04
100384	2021-02-14	Ayris	Claudette	Minetta	2001-01-05
100385	2021-02-14	Beilby	Delora	Eleanora	1997-07-30
100386	2021-02-14	Beinisch	Janith	Marne	2005-10-11
100387	2021-02-14	Boothman	Sholom	Kore	1999-02-05
100388	2021-02-14	Brandin	Anne	Cassius	1995-11-10
100389	2021-02-14	Breitler	Giraud	Borg	2000-02-24
100390	2021-02-14	Bucher	Devin	Elnar	2002-07-30
100391	2021-02-14	Burnet	Curtis	Cynthea	1996-07-24
100392	2021-02-14	Cagan	Marley	Kristoffer	1993-05-26
100393	2021-02-14	Chiplin	Baldwin	Kaylee	2000-12-25
100394	2021-02-14	Crosher	Dwain	Victoir	2002-10-11
100395	2021-02-14	Dumberrill	Gerome	Fredelia	2001-05-19
100396	2021-02-14	Dupoy	Franklyn	Vivie	2005-10-10
100397	2021-02-14	Eddis	Mac	Amberly	1991-04-16
100398	2021-02-14	Eilert	Malva	Sarena	1996-11-03
100399	2021-02-14	Fowlds	Adrian	Burton	1999-11-27
100400	2021-02-14	Frossell	Jeff	Kaine	1996-11-15
100401	2021-02-14	Gard	Kissie	Delmor	2005-01-06
100402	2021-02-14	Gryglewski	Phillie	Adeline	2003-10-21
100403	2021-02-14	Gueinn	Jehanna	Vinny	1999-01-07
100404	2021-02-14	Henriquet	Philbert	Josephina	2002-08-22
100405	2021-02-14	Hinchon	Toby	Elfrida	1991-01-02
100406	2021-02-14	Hoggan	Petronille	Oren	1994-03-17
100407	2021-02-14	Kwietak	Mona	Chevalier	2003-07-22
100408	2021-02-14	Lackham	Rosamund	Chrisse	2000-09-10
100409	2021-02-14	Lanfere	Zerk	Candie	1997-10-04
100410	2021-02-14	Leall	Murry	Myrna	2002-07-14
100411	2021-02-14	Matzeitis	Lulu	Lacy	1992-12-25
100412	2021-02-14	McGahy	Dedie	Wynnie	2000-05-17
100413	2021-02-14	McSporon	Rudolph	Fawnia	1999-11-27
100414	2021-02-14	Messenger	Bram	Toby	1995-09-13
100415	2021-02-14	Muddimer	Clay	Maury	1997-01-30
100416	2021-02-14	Mussalli	Shirline	Percival	1999-06-04
100417	2021-02-14	Northen	Talbot	Anabal	2001-08-20
100418	2021-02-14	Ovendon	Karim	Olympia	1990-03-17
100419	2021-02-14	Partkya	Whitney	Blake	2000-09-27
100420	2021-02-14	Paulet	Renaldo	Joana	2003-04-17
100421	2021-02-14	Pendall	Wallis	Gretna	1997-05-31
100422	2021-02-14	Pendre	Teodoro	Lura	1997-08-01
100423	2021-02-14	Pickin	Crissy	Yuma	2001-10-28
100424	2021-02-14	Pyford	Chrisy	Jeniece	2004-02-06
100425	2021-02-14	Snap	Ange	Candace	2002-08-25
100426	2021-02-14	Spriggen	Teodora	Jaine	2001-12-01
100427	2021-02-14	Standage	Vonni	Henryetta	2001-11-04
100428	2021-02-14	Surcombe	Esther	Eberto	1995-06-07
100429	2021-02-14	Talby	Jory	Jeffry	1993-06-27
100430	2021-02-14	Tippell	Lilyan	Dione	1995-01-30
100431	2021-02-14	Van Arsdale	Dylan	Montague	1999-06-10
100432	2021-02-14	Vanyarkin	Rodge	Hannah	1994-05-12
100433	2021-02-14	Verbrugghen	Roddie	Nell	1990-07-02
100434	2021-02-14	Vitall	Tara	Morten	1994-08-21
100435	2021-02-14	Wharmby	Somerset	Danita	2005-08-15
100436	2021-02-14	Wipper	Fawne	Esther	1994-02-01
100437	2021-02-15	Aylen	Orsola	Theodosia	2001-04-14
100438	2021-02-15	Balderstone	Brander	Bobine	1990-07-25
100439	2021-02-15	Barlass	Larine	Carole	1994-10-12
100440	2021-02-15	Bellis	Sisile	Pammi	1994-08-09
100441	2021-02-15	Busse	Xenia	Thor	2005-01-12
100442	2021-02-15	Chanter	Dory	Courtenay	1991-08-13
100443	2021-02-15	Courcey	Eden	Garrick	1992-12-02
100444	2021-02-15	Cuddihy	Guntar	Scotty	1994-05-03
100445	2021-02-15	Detoc	Larine	Flora	2003-02-01
100446	2021-02-15	Di Bartolommeo	Jyoti	Kelbee	1991-09-24
100447	2021-02-15	Dikels	Mimi	Even	2000-07-15
100448	2021-02-15	Dodd	Florina	Zara	1992-10-12
100449	2021-02-15	Ernshaw	Yevette	Enrique	1992-11-09
100450	2021-02-15	Fouldes	Aggy	Druci	1997-11-25
100451	2021-02-15	Genney	Cynthy	Ida	1997-07-11
100452	2021-02-15	Gilbey	Latrena	Chev	2004-06-07
100453	2021-02-15	Grosvenor	Tabb	Davin	1993-03-05
100454	2021-02-15	Hancorn	Elsbeth	Shay	2004-09-30
100455	2021-02-15	Hardin	Gerri	Bendite	1992-05-10
100456	2021-02-15	Hellmer	Sandor	Didi	2004-01-15
100457	2021-02-15	Jay	Hakim	Pamela	1994-12-13
100458	2021-02-15	Jelks	Gregorius	Dotti	2004-09-01
100459	2021-02-15	Last	Andee	Stanfield	1990-10-20
100460	2021-02-15	Latchmore	Jessamyn	Tresa	1995-12-21
100461	2021-02-15	Leathley	Kaylyn	Vanya	1996-10-30
100462	2021-02-15	Levesque	Dolf	Wilbert	1992-05-14
100463	2021-02-15	Littley	Krishna	Jaymie	2001-03-28
100464	2021-02-15	Lockton	Wallie	Mikel	2002-11-09
100465	2021-02-15	Lygoe	Carlene	Emma	2004-11-22
100466	2021-02-15	McCurtain	Marcella	Mirabel	1997-07-04
100467	2021-02-15	McGeechan	Cherida	Nanci	2000-08-04
100468	2021-02-15	Nealy	Reinaldo	Chloe	2004-05-01
100469	2021-02-15	Niezen	Florentia	Tiffie	1991-09-02
100470	2021-02-15	Peele	Genni	Heather	1995-05-05
100471	2021-02-15	Pichmann	Dale	Gordon	1990-03-12
100472	2021-02-15	Rackham	Skip	Ange	1999-11-12
100473	2021-02-15	Savery	Bartolemo	Maisey	1993-04-29
100474	2021-02-15	Say	Elena	Mic	1993-07-22
100475	2021-02-15	Scrowson	Hillier	Michail	1993-12-15
100476	2021-02-15	Shopcott	Reuven	Duane	2000-11-06
100477	2021-02-15	Soars	Greg	Robbert	2004-09-24
100478	2021-02-15	Stalf	Sam	Jackquelin	1993-12-14
100479	2021-02-15	Swaite	Sheridan	Rivalee	1990-03-10
100480	2021-02-15	Tutsell	Brunhilda	Mozelle	1993-10-22
100481	2021-02-15	Vinker	Gustav	Jackie	1992-10-23
100482	2021-02-16	Allett	Starlene	Harriet	1990-03-05
100483	2021-02-16	Austin	Dwain	Gunilla	1997-09-16
100484	2021-02-16	Beesey	Brandais	Arnie	1994-07-06
100485	2021-02-16	Blackden	Cal	Debra	2000-09-29
100486	2021-02-16	Boake	Skipp	Morgen	1992-12-16
100487	2021-02-16	Bottoner	Emmott	Claudius	1993-02-18
100488	2021-02-16	Bridell	Kerrill	Franz	2001-09-18
100489	2021-02-16	Cornish	Leupold	Perrine	2001-07-12
100490	2021-02-16	Corrao	Farlie	Mia	2002-03-21
100491	2021-02-16	Doberer	Glynis	Mill	1997-09-08
100492	2021-02-16	Elgar	Shelba	Archer	1990-10-04
100493	2021-02-16	Ellerbeck	Leigh	Georg	1998-04-07
100494	2021-02-16	Fairbeard	Bee	Rea	1990-12-22
100495	2021-02-16	Glassman	Innis	Lottie	1996-09-09
100496	2021-02-16	Guidini	Mavra	Kele	1991-09-30
100497	2021-02-16	Haberfield	Hermy	Blinni	1997-01-12
100498	2021-02-16	Hayter	Bram	Cassandry	2002-04-12
100499	2021-02-16	Hollebon	Abagail	Mendie	1995-05-06
100500	2021-02-16	Inchley	Maison	Dennis	1995-06-18
100501	2021-02-16	Jellybrand	Jessey	Abbi	1993-04-24
100502	2021-02-16	Jenik	Casi	Orion	1998-08-22
100503	2021-02-16	Kimber	Sylvester	Naomi	1995-11-13
100504	2021-02-16	Loverock	Dorine	Tamma	2002-09-02
100505	2021-02-16	Mackelworth	Sherri	Yettie	2002-03-26
100506	2021-02-16	Marskell	Rikki	Zack	1998-12-05
100507	2021-02-16	Marunchak	Cassandre	Alva	2004-02-25
100508	2021-02-16	Nuscha	Brucie	Gusta	1993-01-22
100509	2021-02-16	Olivet	Sofie	Jacinthe	2003-10-01
100510	2021-02-16	Pinnock	Elnora	Shandeigh	1990-01-06
100511	2021-02-16	Pinock	Aleksandr	Kirstin	2004-06-26
100512	2021-02-16	Radnage	Nappy	Eddi	1990-08-20
100513	2021-02-16	Sealey	Emmye	Wylma	1996-05-26
100514	2021-02-16	Shearston	Robert	Seth	2003-06-29
100515	2021-02-16	Skilbeck	Roy	Vivi	1999-06-27
100516	2021-02-16	Stephenson	Paulita	Saba	1994-02-13
100517	2021-02-16	Sweet	Elvira	Giana	1999-10-03
100518	2021-02-16	Tother	Merell	Brana	1996-06-06
100519	2021-02-16	Tunbridge	Laina	Annamarie	2000-06-09
100520	2021-02-16	Wayman	Clotilda	Freda	1992-09-15
100521	2021-02-17	Aiers	Itch	Zandra	1991-04-18
100522	2021-02-17	Albers	Datha	Alaric	2005-10-06
100523	2021-02-17	Aspinall	Kean	Dorene	1991-02-04
100524	2021-02-17	Bachshell	Shela	Sancho	2005-04-22
100525	2021-02-17	Blacker	Armin	Gerald	1995-12-31
100526	2021-02-17	Brunn	Alonzo	Rodrick	1990-05-25
100527	2021-02-17	Cusick	Biddy	Stephine	1990-10-29
100528	2021-02-17	Dillow	Claire	Lionel	2001-12-12
100529	2021-02-17	Downes	Meyer	Gillie	1990-09-20
100530	2021-02-17	Duckwith	Goldi	Neda	1994-08-04
100531	2021-02-17	Dumbrill	Arden	Magdalena	2000-09-24
100532	2021-02-17	Ebsworth	Stormie	Joete	1992-03-15
100533	2021-02-17	Feathers	Rebecca	Kelbee	2004-12-30
100534	2021-02-17	Fortye	Winnifred	Terencio	1997-03-19
100535	2021-02-17	Gallier	Francesco	Lois	1996-10-15
100536	2021-02-17	Gateman	Ned	Cathi	1994-07-01
100537	2021-02-17	Gon	Jobina	Maryrose	1998-03-05
100538	2021-02-17	Greenhaugh	Kym	Cale	2004-09-10
100539	2021-02-17	Hariot	Lindi	Danika	1997-04-29
100540	2021-02-17	Harse	Reinaldo	Ertha	2002-06-29
100541	2021-02-17	Heibl	Isabella	Cad	2003-03-14
100542	2021-02-17	Ianittello	Lucine	Steward	1999-08-12
100543	2021-02-17	Ickowicz	Kalli	Dosi	2000-08-28
100544	2021-02-17	Iremonger	Bailie	Kevyn	2000-12-25
100545	2021-02-17	Jakoubek	Carlynne	Orsa	1998-01-16
100546	2021-02-17	Kain	Benn	Lorette	1997-01-14
100547	2021-02-17	Keach	Christos	Cecil	1990-12-31
100548	2021-02-17	Laite	Serge	Sven	2002-05-23
100549	2021-02-17	Lexa	Dahlia	Genvieve	1994-08-20
100550	2021-02-17	Lurriman	Doloritas	Hewe	1996-10-24
100551	2021-02-17	Moraleda	Fanchette	Grant	1991-09-07
100552	2021-02-17	Oger	Salomi	Howey	2003-02-04
100553	2021-02-17	Pegg	Sloane	Gardiner	2002-09-23
100554	2021-02-17	Pogue	Fran	Milo	1994-09-08
100555	2021-02-17	Purvess	Dav	Damara	2005-06-17
100556	2021-02-17	Redley	Nydia	Jerrold	2002-10-15
100557	2021-02-17	Rheam	Georgeta	Yvette	1999-09-23
100558	2021-02-17	Shephard	Rourke	Ruby	1991-09-16
100559	2021-02-17	Simants	Drusi	Town	2001-01-02
100560	2021-02-17	Stansbie	Thom	Frazer	2003-08-10
100561	2021-02-17	Stother	Kameko	Ethelyn	1995-05-20
100562	2021-02-17	Toohey	Dreddy	Maddi	1990-07-16
100563	2021-02-17	Trim	Schuyler	Sianna	1994-12-20
100564	2021-02-17	Verduin	Everard	Kayne	2003-12-10
100565	2021-02-17	Vivyan	Devy	Emmey	2002-08-26
100566	2021-02-17	Whipp	Erny	Elene	2000-07-24
100567	2021-02-18	Aiskrigg	Carmelina	Laryssa	1996-08-07
100568	2021-02-18	Aldus	Levi	Tomkin	2005-02-28
100569	2021-02-18	Allom	Tiffani	Cobbie	1998-08-07
100570	2021-02-18	Alwell	Meridel	Eulalie	1991-05-03
100571	2021-02-18	Attwill	Merilyn	Mauricio	1997-08-13
100572	2021-02-18	Battram	Wendell	Grover	2005-05-29
100573	2021-02-18	Behr	Hewie	Elwyn	1990-10-04
100574	2021-02-18	Blakeston	Shandee	Jsandye	2002-08-25
100575	2021-02-18	Boosey	Nyssa	Philomena	1991-07-10
100576	2021-02-18	Breitling	Lotty	Emmy	2003-05-04
100577	2021-02-18	Chasney	Gelya	Diann	1999-09-09
100578	2021-02-18	Chritchlow	Robbert	Linoel	2004-09-29
100579	2021-02-18	D'Abbot-Doyle	Virgil	Blondy	2001-12-05
100580	2021-02-18	Dacca	Sibylle	Ginnie	1996-06-19
100581	2021-02-18	Day	Kile	Bayard	1991-06-22
100582	2021-02-18	Derl	Stefa	Shandeigh	1999-04-22
100583	2021-02-18	Douty	Umeko	Nara	1996-07-29
100584	2021-02-18	Fennessy	Walker	Aryn	1998-08-15
100585	2021-02-18	Gleed	Lombard	Stephenie	1998-12-24
100586	2021-02-18	Gregorowicz	Con	Thorvald	1992-01-08
100587	2021-02-18	Hallstone	Mildrid	Jo	1998-07-26
100588	2021-02-18	Kulicke	Marchall	Morley	2005-05-17
100589	2021-02-18	Legate	Abigael	Yolande	1996-12-12
100590	2021-02-18	Luesley	Felicio	Candi	2001-04-11
100591	2021-02-18	MacGilpatrick	Dorothy	Annissa	1992-12-21
100592	2021-02-18	McCutcheon	Kerk	Olvan	1993-08-26
100593	2021-02-18	Noddles	Willy	Birdie	1997-01-16
100594	2021-02-18	Pala	Dena	Royal	1993-05-31
100595	2021-02-18	Pendrick	Brittany	Jasmina	1994-01-26
100596	2021-02-18	Pollastrone	Cyrille	Gail	2000-12-30
100597	2021-02-18	Pummery	Laurene	Thorin	2004-12-11
100598	2021-02-18	Raspin	Georgetta	Felizio	2004-12-02
100599	2021-02-18	Smurfitt	Valentina	Urbanus	1999-07-21
100600	2021-02-18	Swaffield	Ward	Gael	2002-07-01
100601	2021-02-18	Tayler	Lauretta	Elspeth	1995-10-11
100602	2021-02-18	Tregea	Haleigh	Brigid	2003-12-23
100603	2021-02-18	Tuftin	Iorgo	Lyn	2001-11-02
100604	2021-02-18	Verden	Maximilian	Olia	2001-02-12
100605	2021-02-18	Wann	Reeva	Berkley	1992-12-05
100606	2021-02-18	Wotton	Janice	Neely	1998-09-10
100607	2021-02-19	Adriaens	Lurline	Nadean	2003-01-24
100608	2021-02-19	Balazin	Aindrea	Broddie	1995-12-25
100609	2021-02-19	Baskerfield	Rurik	Lavena	1999-04-12
100610	2021-02-19	Bessell	Tracey	Yancey	1992-12-27
100611	2021-02-19	Biggerstaff	Star	Gretchen	2003-08-18
100612	2021-02-19	Braithwaite	Matilda	Fanchon	2002-06-23
100613	2021-02-19	Buscombe	Ethelbert	Gabriela	1990-12-05
100614	2021-02-19	Charrett	Birgit	Arlette	1992-10-06
100615	2021-02-19	Dayer	Faustine	Minnie	1993-06-03
100616	2021-02-19	Dorricott	Iris	Zachariah	1998-04-06
100617	2021-02-19	Drexel	Giustino	Paco	1998-08-13
100618	2021-02-19	Goves	Titos	Gabi	1997-07-13
100619	2021-02-19	Hughs	Lilllie	Hunt	2003-05-16
100620	2021-02-19	Jacklin	Gennie	Karlotte	2003-12-27
100621	2021-02-19	Joscelyn	Laney	Gael	1992-10-20
100622	2021-02-19	Keith	Amberly	Dell	1990-09-17
100623	2021-02-19	Kenealy	Alfie	Morton	1995-09-15
100624	2021-02-19	Klimkin	Graeme	Kendell	2005-05-31
100625	2021-02-19	Kubal	Natasha	Theodoric	2005-08-02
100626	2021-02-19	Ludwikiewicz	Avery	Norbie	1996-04-15
100627	2021-02-19	Mallalieu	Emelen	Prescott	1993-11-11
100628	2021-02-19	McNair	Consuela	Linnet	1997-04-13
100629	2021-02-19	Milliere	Ethelred	Townie	2000-03-27
100630	2021-02-19	Monkton	Doroteya	Ann	1996-02-04
100631	2021-02-19	Morffew	Lucina	Wendye	1995-04-27
100632	2021-02-19	Mycock	Emmet	Umeko	1997-01-24
100633	2021-02-19	O'Carroll	Paulina	Bobbe	1990-09-01
100634	2021-02-19	Peasgood	Elvyn	Nap	1997-12-02
100635	2021-02-19	Riteley	Erminie	Dyana	2003-03-02
100636	2021-02-19	Rollo	Zacherie	Janina	2003-09-15
100637	2021-02-19	Schrir	Kendall	Jobye	2001-10-11
100638	2021-02-19	Sellers	Nannie	Guenevere	2004-04-04
100639	2021-02-19	Simcox	Nancee	Serene	1997-08-03
100640	2021-02-19	Smorthit	Duffy	Evangelina	1992-04-03
100641	2021-02-19	Sommersett	Adrianne	Free	2004-11-02
100642	2021-02-19	Streeter	Jason	Tawnya	2000-04-28
100643	2021-02-19	Studde	Aindrea	Hugh	1991-08-30
100644	2021-02-19	Thaxter	Beniamino	Bern	1995-10-22
100645	2021-02-19	Verlander	Saxon	Blancha	1998-09-09
100646	2021-02-19	Woodington	Marley	Rene	1996-09-29
100647	2021-02-20	Bish	Shell	Ruth	1997-05-28
100648	2021-02-20	Boskell	Mariam	Jerrylee	2002-01-30
100649	2021-02-20	Boud	Tiphani	Dionis	1998-09-15
100650	2021-02-20	Butler	Alisha	Maison	1999-09-03
100651	2021-02-20	Carus	Ediva	Renate	1995-02-24
100652	2021-02-20	Cockshot	Burke	Sharity	2001-07-17
100653	2021-02-20	Corroyer	Gerda	Ethelred	2001-08-23
100654	2021-02-20	Creeboe	Sergeant	Gill	1995-03-29
100655	2021-02-20	Cromie	Alica	Ileana	2001-11-20
100656	2021-02-20	Cummungs	Darin	Nanete	2002-09-10
100657	2021-02-20	De Bischop	Noel	Dwain	2003-05-29
100658	2021-02-20	Featherbie	Johny	Pearle	2005-06-09
100659	2021-02-20	Frankiewicz	Rafa	Sholom	1993-03-08
100660	2021-02-20	Goroni	Edith	Sullivan	2004-12-04
100661	2021-02-20	Heinreich	Annabal	Tito	1993-12-11
100662	2021-02-20	Ingry	Jessamine	Aeriel	2000-11-21
100663	2021-02-20	Jedrys	Fredi	Cosetta	2000-09-27
100664	2021-02-20	Jefford	Allin	Selia	1995-12-24
100665	2021-02-20	Kendall	Greg	Lily	2002-01-08
100666	2021-02-20	Leigh	Delia	Eran	2001-04-11
100667	2021-02-20	Lowrie	Kermit	Ame	1993-07-31
100668	2021-02-20	Munden	Tabor	Godfrey	1991-04-24
100669	2021-02-20	Napolione	Hanan	Siusan	2000-09-09
100670	2021-02-20	O'Donnelly	Susie	Issi	2002-05-17
100671	2021-02-20	Revett	Granthem	Cicely	2001-03-23
100672	2021-02-20	Sanzio	Shellysheldon	Gabrila	2001-05-31
100673	2021-02-20	Shaylor	Kassia	Mill	1995-10-24
100674	2021-02-20	Skyppe	Elissa	Hodge	1990-11-20
100675	2021-02-20	Sliman	Alejandra	Udall	1995-03-26
100676	2021-02-20	Smethurst	Gawen	Carly	1998-04-03
100677	2021-02-20	Smurfitt	Dianne	Lon	1997-02-15
100678	2021-02-20	Soreau	Kaitlin	Dylan	1992-08-12
100679	2021-02-20	Squire	Guillermo	Brodie	1996-04-19
100680	2021-02-20	Stare	Anthony	Archaimbaud	1991-03-02
100681	2021-02-20	Steabler	Francesca	Thom	2004-11-17
100682	2021-02-20	Tremble	Rory	Arin	1991-08-15
100683	2021-02-20	Tunnow	Rodolph	Cyrill	1990-09-18
100684	2021-02-20	Whittlesey	Bella	Grace	1993-06-12
100685	2021-02-20	Woolcocks	Oliy	Lou	2003-12-11
100686	2021-02-21	Antonescu	Clyde	Georgeanne	2003-03-05
100687	2021-02-21	Arnott	Eve	Doroteya	1996-12-30
100688	2021-02-21	Avent	Mattie	Nestor	1991-05-17
100689	2021-02-21	Bazire	Zenia	Auguste	1995-04-15
100690	2021-02-21	Bellany	Darda	Drusi	1999-04-23
100691	2021-02-21	Bellee	Erika	Edmund	2000-11-24
100692	2021-02-21	Bernollet	Si	Myrilla	1991-06-29
100693	2021-02-21	Bore	Sarajane	Jemmie	1990-04-20
100694	2021-02-21	Brelsford	Mycah	Joceline	1995-08-02
100695	2021-02-21	Buxey	Bevan	Siegfried	1992-05-04
100696	2021-02-21	Catenot	Corrie	Neill	2005-07-23
100697	2021-02-21	Cicchelli	Kiah	Germana	1993-11-26
100698	2021-02-21	Clardge	Amalita	Felice	1997-02-08
100699	2021-02-21	Delgaty	Irene	Phaidra	2003-01-24
100700	2021-02-21	Dils	Zackariah	Darrelle	2003-06-19
100701	2021-02-21	Dungate	Franciskus	Lammond	1991-12-12
100702	2021-02-21	Edgson	Decca	Cullan	1996-04-05
100703	2021-02-21	Falcus	Britte	Berti	1999-08-23
100704	2021-02-21	Ferebee	Rhodie	Tab	2004-12-09
100705	2021-02-21	Fosserd	Aubrey	Elmore	1994-07-12
100706	2021-02-21	Freyne	Becka	Nance	2002-06-18
100707	2021-02-21	Fursland	Barbara	Merill	1990-12-14
100708	2021-02-21	Gallon	Ursula	Kally	1998-09-04
100709	2021-02-21	Gauntley	Janna	Giusto	1995-09-09
100710	2021-02-21	Gorelli	Nappie	Nickie	2005-07-19
100711	2021-02-21	Gove	Dorey	Haskell	1993-12-12
100712	2021-02-21	Islep	Celestia	Regina	1993-12-02
100713	2021-02-21	Kidney	Christiana	Robbi	1994-02-22
100714	2021-02-21	Kolyagin	Redford	Audra	1991-03-28
100715	2021-02-21	Laherty	Annamarie	Patric	1993-04-24
100716	2021-02-21	Levings	Earl	Antonella	2002-12-05
100717	2021-02-21	Leyshon	Marco	Puff	2002-04-30
100718	2021-02-21	Lydster	Cyb	Flemming	2005-07-02
100719	2021-02-21	MacGraith	Israel	Delora	1990-02-08
100720	2021-02-21	Madre	Nessa	Lavinia	1991-10-30
100721	2021-02-21	Maior	Adelaide	Cindie	1994-03-22
100722	2021-02-21	Maleck	Agnes	Margaret	2004-02-22
100723	2021-02-21	Malmar	Findley	Fabiano	1990-10-28
100724	2021-02-21	McKimmey	Monica	Lonnie	2002-08-05
100725	2021-02-21	Muzzlewhite	Teresina	Maxie	1997-02-16
100726	2021-02-21	Nilges	Diane-marie	Crissie	2005-09-19
100727	2021-02-21	Nowaczyk	Constantine	Salomo	1992-03-16
100728	2021-02-21	Obal	Deeyn	Claudie	1994-06-24
100729	2021-02-21	O'Reilly	Durward	Persis	1997-04-05
100730	2021-02-21	Phippard	Wandie	Gratiana	1992-08-20
100731	2021-02-21	Strete	Dugald	Marcile	1997-12-02
100732	2021-02-21	Sturge	Yardley	Giavani	1996-10-19
100733	2021-02-21	Surgener	Ami	Ibrahim	1997-01-03
100734	2021-02-21	Swyer-Sexey	Klement	Sonia	1996-05-16
100735	2021-02-21	Tawse	Phaedra	Kendrick	1994-09-25
100736	2021-02-21	Triggel	Dennison	Candie	2001-03-31
100737	2021-02-21	Tythacott	Camella	Danila	2001-07-31
100738	2021-02-22	Barnshaw	Misha	Osbert	1999-03-21
100739	2021-02-22	Batiste	Finlay	Krissie	1990-11-13
100740	2021-02-22	Blackleech	Chantalle	Jody	2005-12-29
100741	2021-02-22	Bows	Patrizius	Jaquelyn	1994-09-20
100742	2021-02-22	Bridge	Gawain	Rudolf	2002-02-28
100743	2021-02-22	Buttfield	Jammie	Morly	2005-11-08
100744	2021-02-22	Camillo	Novelia	Tonnie	2001-10-16
100745	2021-02-22	Chisnall	Dian	Ilario	1999-03-06
100746	2021-02-22	Claremont	Sharl	Courtnay	2001-09-15
100747	2021-02-22	Clifft	Mathian	Wilfred	1995-12-01
100748	2021-02-22	Clynman	Lulu	Lynde	1991-08-19
100749	2021-02-22	Coy	Sherman	Con	2005-12-15
100750	2021-02-22	Curry	Ronica	Vanni	2004-09-19
100751	2021-02-22	Daldan	Anitra	Maureen	2001-09-26
100752	2021-02-22	Danelet	Jordan	Purcell	1993-05-05
100753	2021-02-22	Diem	Kizzie	Ramonda	1990-02-10
100754	2021-02-22	Dummigan	Dru	Johanna	2000-12-26
100755	2021-02-22	Forsey	Alayne	Daisie	1994-05-24
100756	2021-02-22	Gent	Perl	Alva	1998-09-12
100757	2021-02-22	Graysmark	Janna	Marguerite	1992-09-28
100758	2021-02-22	Hamshaw	Doll	Cleo	1994-11-13
100759	2021-02-22	Kaemena	Nelia	Alie	2000-08-12
100760	2021-02-22	Larder	Leanor	Michelina	2000-04-10
100761	2021-02-22	Mandrey	Biddy	Nixie	1993-06-15
100762	2021-02-22	Nurny	Welch	Fredi	1998-11-01
100763	2021-02-22	Oswal	Roger	Bernhard	2004-10-06
100764	2021-02-22	Saddler	Mehetabel	Ailyn	2002-06-24
100765	2021-02-22	Samwyse	Xylina	Nissa	1996-05-03
100766	2021-02-22	Sollas	Carroll	Elaine	1995-07-30
100767	2021-02-22	Stiell	Galina	Gan	2000-04-25
100768	2021-02-22	Stopp	Nina	Klara	1994-06-27
100769	2021-02-22	Tooher	Kelsey	Dulcinea	2003-01-04
100770	2021-02-22	Wanderschek	Sharona	Teodoro	1990-11-11
100771	2021-02-22	Weeks	Tildy	Jdavie	1998-06-02
100772	2021-02-22	Whanstall	Bunny	Swen	1994-01-09
100773	2021-02-23	Boldry	Marleah	Jacquenette	1994-09-15
100774	2021-02-23	Clubbe	Evey	Jordon	1993-12-29
100775	2021-02-23	Colley	Harbert	Sukey	2003-10-04
100776	2021-02-23	Compston	Weston	Winnie	1990-08-01
100777	2021-02-23	Coupe	Hammad	Leonie	2000-11-10
100778	2021-02-23	Crosson	Cristionna	Reinwald	1990-07-12
100779	2021-02-23	Deary	Daveta	Cleve	2003-05-20
100780	2021-02-23	Dobrovsky	Lura	Gonzalo	1991-11-27
100781	2021-02-23	Dressell	Phillipe	Hall	2004-12-10
100782	2021-02-23	Duprey	Fannie	Ferd	1992-05-04
100783	2021-02-23	Fallawe	Nicolais	Galen	2000-07-17
100784	2021-02-23	Fateley	Lay	Zerk	1997-08-22
100785	2021-02-23	Foli	Mercie	Celina	2000-08-16
100786	2021-02-23	Guillerman	Jerome	Dion	2002-08-01
100787	2021-02-23	Haglinton	Ardath	Carmella	1992-07-01
100788	2021-02-23	Hatry	Deloris	Woody	1993-11-10
100789	2021-02-23	Iannitti	Cal	Muffin	1998-11-29
100790	2021-02-23	Kilpin	Ellis	Ilene	1992-08-29
100791	2021-02-23	Leopold	Gwen	Julissa	2003-01-28
100792	2021-02-23	Lief	Even	Husain	1998-06-01
100793	2021-02-23	Lummis	Kerry	Gusty	1993-03-28
100794	2021-02-23	Machan	Humfried	Edita	1996-05-10
100795	2021-02-23	Martusewicz	Emelia	Agosto	2005-07-16
100796	2021-02-23	McCloid	Hermina	Agna	2002-02-02
100797	2021-02-23	Meineck	Jobye	Drugi	1991-09-06
100798	2021-02-23	Mines	Lin	Arch	1993-05-28
100799	2021-02-23	Mulroy	Cassaundra	Adore	1993-10-06
100800	2021-02-23	Normand	Edgardo	Haleigh	2003-12-29
100801	2021-02-23	Owbridge	Dotti	Ronnie	2002-02-24
100802	2021-02-23	Parsley	Sofia	Mitzi	1990-01-25
100803	2021-02-23	Petett	Ware	Jill	2002-10-29
100804	2021-02-23	Petrashov	Gaston	Bar	1992-07-19
100805	2021-02-23	Petrelluzzi	Delia	Cynthea	1996-01-18
100806	2021-02-23	Picardo	Mercy	Dorry	1992-06-14
100807	2021-02-23	Rich	Orland	Basia	1993-04-14
100808	2021-02-23	Salzberger	Theodore	Smitty	2001-05-24
100809	2021-02-23	Shakesbye	Georgia	Antonio	2002-09-08
100810	2021-02-23	Shalders	Thorny	Ethelda	2001-03-23
100811	2021-02-23	Spowage	Normand	Jodie	2003-09-15
100812	2021-02-23	Sprott	Terra	Brandi	2002-03-28
100813	2021-02-23	Stiffell	Chrystal	Salvidor	1991-06-25
100814	2021-02-23	Suermeiers	Natka	Alvira	2002-10-04
100815	2021-02-23	Surcomb	Toby	Layney	1992-01-03
100816	2021-02-23	Tumioto	Ekaterina	Erwin	2000-06-22
100817	2021-02-23	Varrow	Isidore	Alwyn	1998-03-02
100818	2021-02-23	Welton	Annadiane	Nico	2002-09-12
100819	2021-02-23	Whitmore	Marylin	Wolfy	1998-10-22
100820	2021-02-23	Worrall	Adan	Kendra	2002-10-28
100821	2021-02-24	Abatelli	Luz	Nelie	2005-11-25
100822	2021-02-24	Ambrodi	Ola	Alessandro	1996-11-05
100823	2021-02-24	Annandale	Sonni	Hunt	2004-02-16
100824	2021-02-24	Attack	Kerby	Jillane	1996-08-14
100825	2021-02-24	Bartaletti	Fay	Xymenes	2005-02-10
100826	2021-02-24	Bartalucci	Jenifer	Brew	1995-12-22
100827	2021-02-24	Bompass	Pasquale	Theadora	2002-05-25
100828	2021-02-24	Breckon	Karita	Patrica	1995-04-28
100829	2021-02-24	Brissard	Oralla	Ravi	1996-10-07
100830	2021-02-24	Challen	Jeromy	Lucita	2001-01-15
100831	2021-02-24	Cokly	Emelen	Blair	1990-12-09
100832	2021-02-24	Comley	Letti	Stormie	1995-11-27
100833	2021-02-24	Cordeau	Webb	Mala	2000-05-21
100834	2021-02-24	De la Zenne	Berti	Oran	1994-08-03
100835	2021-02-24	Donnett	Hakim	Anabelle	2003-09-21
100836	2021-02-24	Eagger	Mikel	Chicky	2000-07-09
100837	2021-02-24	Eate	Adriana	Hilda	1999-12-28
100838	2021-02-24	Ewens	Wyndham	Vasilis	2003-08-21
100839	2021-02-24	Gentile	Ingaborg	Imogene	1997-02-23
100840	2021-02-24	Gilcrist	Leonanie	Jerad	1993-09-08
100841	2021-02-24	Goodbur	Nana	Deanne	1999-07-25
100842	2021-02-24	Grestye	Issie	Dennison	1995-01-19
100843	2021-02-24	Habercham	Deane	Bobinette	1999-08-02
100844	2021-02-24	Habershon	Kirbee	Kali	1995-06-17
100845	2021-02-24	Hansel	Nevsa	Meagan	1994-02-21
100846	2021-02-24	Jiroutek	Sheppard	Carleen	2005-03-08
100847	2021-02-24	Joontjes	Theodor	Thaine	1990-05-17
100848	2021-02-24	Kubicka	Teresina	Teodorico	2001-01-29
100849	2021-02-24	Lannon	Cynthia	Keenan	1991-08-27
100850	2021-02-24	Lashford	Julius	Gustavus	2004-06-27
100851	2021-02-24	Linn	Baird	Stirling	1999-10-20
100852	2021-02-24	Linny	Mill	Dyana	2001-03-17
100853	2021-02-24	Lufkin	Tally	Carmella	1991-03-06
100854	2021-02-24	Mc Caughan	Nichols	Noland	1997-07-15
100855	2021-02-24	McCurlye	Karyn	Giovanni	1999-08-02
100856	2021-02-24	McDyer	Aeriel	Joanne	1990-04-28
100857	2021-02-24	Meachem	Niels	Lars	2005-08-15
100858	2021-02-24	Meneo	Jud	Matthieu	1998-01-30
100859	2021-02-24	Messier	Dona	Connie	1994-02-23
100860	2021-02-24	Minear	Lurline	Genna	1999-04-10
100861	2021-02-24	Mounsey	Hartley	Quinn	2005-05-12
100862	2021-02-24	Odegaard	Lurline	Cahra	1992-02-23
100863	2021-02-24	Othick	Alyse	Tammy	1998-02-23
100864	2021-02-24	Ozelton	Jonathan	Merla	1999-12-27
100865	2021-02-24	Plume	Andrea	Hazel	2000-03-08
100866	2021-02-24	Renzo	Lianne	Alta	1990-04-23
100867	2021-02-24	Rose	Corinna	Tobias	1991-11-26
100868	2021-02-24	Sambath	Brewer	Zechariah	2005-08-21
100869	2021-02-24	Scopham	Louella	Saxe	2001-08-24
100870	2021-02-24	Tampin	Erastus	Junette	1993-12-02
100871	2021-02-24	Tander	Meir	Kermie	1996-05-09
100872	2021-02-24	Tomala	Netti	Fidelio	1993-10-18
100873	2021-02-24	Warlow	Rosalinda	Klarika	1996-08-06
100874	2021-02-24	Westoll	Reeva	Innis	1992-11-24
100875	2021-02-24	Wise	Cindelyn	Kevon	1995-12-18
100876	2021-02-24	Wollard	Forrester	Zorah	1999-04-08
100877	2021-02-25	Arkow	Ingram	Stephanus	1992-04-14
100878	2021-02-25	Aujouanet	Bronny	Ashlen	2004-06-06
100879	2021-02-25	Biermatowicz	Haskell	Moria	1992-10-23
100880	2021-02-25	Burch	Aaren	Flint	1991-11-15
100881	2021-02-25	Carling	Corina	Gwenora	1997-05-29
100882	2021-02-25	Dobbing	Sharlene	Randie	2000-06-07
100883	2021-02-25	Drowsfield	Staci	Charleen	2003-01-29
100884	2021-02-25	Durrand	Freddy	Raphael	1995-06-06
100885	2021-02-25	Fanshawe	Raul	Chryste	1999-03-25
100886	2021-02-25	Fronczak	Hy	Modestine	1995-12-25
100887	2021-02-25	Garmans	Jerrine	Jonathon	1996-04-20
100888	2021-02-25	Goulbourne	Emmerich	Jacki	2005-06-24
100889	2021-02-25	Haskell	Luise	Rhetta	2004-08-24
100890	2021-02-25	Haskell	Penn	Gladi	2003-11-07
100891	2021-02-25	Hayler	Rafaelita	Douglas	1990-03-28
100892	2021-02-25	Janecki	Carter	Emelia	1993-08-17
100893	2021-02-25	Jerschke	Ezri	Kaile	1999-10-14
100894	2021-02-25	Jessep	Fabio	Betsey	2001-12-21
100895	2021-02-25	Keates	Vincenty	Klement	1996-07-30
100896	2021-02-25	Kenryd	Denys	Henderson	2002-04-08
100897	2021-02-25	Letterick	Thebault	Drew	2005-05-11
100898	2021-02-25	McWhorter	Barrett	Sheffie	1990-10-04
100899	2021-02-25	Merriman	Peirce	Sarita	2002-08-21
100900	2021-02-25	Minico	Andreana	Lacey	1990-03-17
100901	2021-02-25	Muat	Bevon	Helenka	1992-03-28
100902	2021-02-25	Norssister	Holt	Zilvia	1991-12-02
100903	2021-02-25	O' Byrne	Heidi	Curtis	1990-02-24
100904	2021-02-25	O'Donnelly	Nicole	Allister	1996-04-24
100905	2021-02-25	Pietrowski	Sharline	Melinda	2004-10-24
100906	2021-02-25	Pratchett	Towny	Urbain	1994-09-12
100907	2021-02-25	Purse	Desmond	Zuzana	1991-01-27
100908	2021-02-25	Shalcros	Grant	Conway	1994-12-31
100909	2021-02-25	Shenfish	Willis	Mildred	1994-02-03
100910	2021-02-25	Sheppey	Kalindi	Gradeigh	1994-12-24
100911	2021-02-25	Shower	Pennie	Virgina	1996-01-31
100912	2021-02-25	Spuffard	Lotty	Klara	1998-04-19
100913	2021-02-25	Tailour	Arri	Delores	2005-06-16
100914	2021-02-25	Tiltman	Jany	Abram	1990-06-18
100915	2021-02-25	Verillo	Waneta	Hernando	1994-11-30
100916	2021-02-25	Walklot	Saleem	Cyndie	1999-07-27
100917	2021-02-25	Wordley	Sibylla	Larisa	1992-10-21
100918	2021-02-26	Allibon	Kikelia	Veradis	2000-09-23
100919	2021-02-26	Antoniazzi	Wilton	Harwilll	1996-08-23
100920	2021-02-26	Arrington	Brandon	Luella	1990-07-21
100921	2021-02-26	Beeken	Dasie	Joli	2005-08-27
100922	2021-02-26	Benzies	Antonella	Florina	1995-09-15
100923	2021-02-26	Brankley	Mickie	Florance	1993-02-05
100924	2021-02-26	Canet	Bartie	Alta	1995-11-09
100925	2021-02-26	Chapleo	Kellie	Cathee	1995-03-21
100926	2021-02-26	Creigan	Stefano	Audre	2000-04-13
100927	2021-02-26	Crichley	Heath	Griz	1991-08-24
100928	2021-02-26	Danielut	Wake	Catharina	1997-03-13
100929	2021-02-26	Devitt	Britney	Vlad	2001-05-06
100930	2021-02-26	Dollimore	Alfred	Pearce	1993-07-29
100931	2021-02-26	Emmot	Roddy	Sutton	1993-07-13
100932	2021-02-26	Eversfield	Eziechiele	Kinsley	1997-10-02
100933	2021-02-26	Farlam	Moishe	Sharity	1990-05-19
100934	2021-02-26	Figure	Damien	Ibrahim	1997-11-12
100935	2021-02-26	Flanner	Teirtza	Elwira	1996-08-29
100936	2021-02-26	Gilbey	Nate	Willyt	2000-11-14
100937	2021-02-26	Gypson	Evita	Rafferty	2003-01-12
100938	2021-02-26	Hansen	Gabriella	Ricki	2003-10-01
100939	2021-02-26	Huckstepp	Valle	Rosemaria	2001-08-11
100940	2021-02-26	Kubes	Maudie	Tara	2002-05-17
100941	2021-02-26	Kures	Georg	Culley	1992-07-25
100942	2021-02-26	Meadway	Bobbi	Livvie	1994-09-25
100943	2021-02-26	Mocquer	Roanne	Sunny	1998-09-21
100944	2021-02-26	Morbey	Aron	Salmon	2002-05-30
100945	2021-02-26	Mostin	Cristionna	Aldrich	1991-09-27
100946	2021-02-26	Naptin	Fernandina	Elke	2000-11-03
100947	2021-02-26	Nulty	Yetta	Beverley	1995-09-06
100948	2021-02-26	Ondra	Ramonda	Jacobo	1996-04-03
100949	2021-02-26	Orrum	Eleni	Nedda	2001-12-05
100950	2021-02-26	Pancost	Carleen	Alard	1994-04-27
100951	2021-02-26	Plews	Gualterio	Karylin	1993-03-02
100952	2021-02-26	Sheldon	Vinni	Gaston	1997-03-13
100953	2021-02-26	Skedge	Johann	Rik	1994-12-04
100954	2021-02-26	Soall	Jacklyn	Brooks	1997-12-16
100955	2021-02-26	Suggitt	Bobby	Pauly	2002-03-03
100956	2021-02-26	Towne	Inessa	Ola	1998-02-09
100957	2021-02-26	Twist	Bell	Laverna	1993-06-01
100958	2021-02-26	Tytler	Lilith	Norry	1996-05-11
100959	2021-02-26	Weakley	Dina	Geoffrey	1997-09-16
100960	2021-02-26	Wilce	Read	Nessi	1993-12-10
100961	2021-02-26	Yakubovich	Fiann	Antony	2003-09-09
100962	2021-02-27	Andree	Rozanne	Jacklin	1990-10-11
100963	2021-02-27	Annatt	Cecil	Myrta	2004-08-30
100964	2021-02-27	Beals	Vania	Kasey	1995-10-09
100965	2021-02-27	Brislan	Almira	Hallie	1994-04-21
100966	2021-02-27	Castri	Isis	Ally	1992-12-01
100967	2021-02-27	Croley	Rhonda	Cosme	1999-09-22
100968	2021-02-27	Cullerne	Anabella	Ileane	2002-04-04
100969	2021-02-27	Danniel	Jaynell	Florina	1999-10-31
100970	2021-02-27	Dytham	Shandy	Lorita	2004-11-30
100971	2021-02-27	Ech	Thor	Beverie	2003-12-28
100972	2021-02-27	Eglington	Carlyn	Grannie	2005-08-26
100973	2021-02-27	Fortye	Muffin	Findlay	2004-05-30
100974	2021-02-27	Gadesby	Bab	Deny	1995-06-01
100975	2021-02-27	Galbraith	Barri	Aurthur	2000-11-03
100976	2021-02-27	Goldfinch	Dael	Jean	2005-07-06
100977	2021-02-27	Houchin	Giuseppe	Gibby	2003-11-14
100978	2021-02-27	Jeandel	Billi	Flore	1994-06-10
100979	2021-02-27	Joderli	Dorey	Laurel	1999-02-01
100980	2021-02-27	Krzyzaniak	Petunia	Clyve	2002-01-24
100981	2021-02-27	MacDiarmid	Kathryn	Lionel	1994-07-09
100982	2021-02-27	Matteris	Aristotle	Linea	2003-08-18
100983	2021-02-27	McElrath	Avie	Delora	1994-01-01
100984	2021-02-27	McKoy	Dulcinea	Rosemarie	2004-02-16
100985	2021-02-27	Miner	Bertrand	Hailey	2002-08-13
100986	2021-02-27	Nancarrow	Simmonds	Shayne	1999-06-23
100987	2021-02-27	O'Donnell	Tressa	Debera	1999-07-21
100988	2021-02-27	Orwell	Jacinda	Donnamarie	1992-06-18
100989	2021-02-27	Penberthy	Hussein	Shirline	1998-01-17
100990	2021-02-27	Prantoni	Adolf	Sela	1992-11-30
100991	2021-02-27	Rantoul	Melvin	Nero	2002-01-29
100992	2021-02-27	Reckless	Tawsha	Gauthier	1993-12-29
100993	2021-02-27	Rijkeseis	Annalee	Hadleigh	2000-11-23
100994	2021-02-27	Scoates	Elton	Andriette	1991-10-14
100995	2021-02-27	Stirland	Trudey	Raddie	1990-03-15
100996	2021-02-27	Sustin	Ches	Mariellen	1997-07-14
100997	2021-02-27	Tibb	Elbertine	Kellyann	2000-04-21
100998	2021-02-27	Tiffney	Selena	Alison	2004-06-05
100999	2021-02-27	Towne	Gualterio	Marieann	2004-12-29
101000	2021-02-27	Vanichkin	Humfried	Pierette	2001-04-23
